sample,genotype,condition,tissue,experiment,cage,labID
AJ40_1_2_TGTTCCTAGA-CGGTAAGTAA,WT_1,ch,si,AJ40,1,AJ40_1_2
AJ40_2_2_CTCTCGAGGT-TAAGGCATAG,WT_2,ch,si,AJ40,1,AJ40_2_2
AJ40_3_2_CTGTACGGTA-CGTACCTTCC,Pou2f3_1,ch,si,AJ40,1,AJ40_3_2
AJ40_4_2_CTTATGGCAA-ACGTCTCCTC,Pou2f3_2,ch,si,AJ40,1,AJ40_4_2
AJ40_5_2_TCCGCATAGC-TGCCTTGCGT,pet_store_f,ch,si,AJ40,1,AJ40_5_2
AJ40_6_2_GCAAGCACCT-CGTCAGGATA,WT_1,ch,si,AJ40,2,AJ40_6_2
AJ40_7_2_GCCTGTCCTA-AGCGGTCTTC,WT_2,ch,si,AJ40,2,AJ40_7_2
AJ40_8_2_ACTGTCTATC-GTCCACGTTG,Pou2f3_1,ch,si,AJ40,2,AJ40_8_2
AJ40_9_2_CGTCCATGTA-CGAGCACTTA,Pou2f3_2,ch,si,AJ40,2,AJ40_9_2
AJ40_10_2_CTAACTGCAA-CTACGATGTG,pet_store_f,ch,si,AJ40,2,AJ40_10_2
AJ40c_11_2_TGCTTGTGGT-CCTCGGTAGT,WT_1,spf,si,AJ40,na,AJ40c_11_2
AJ40c_12_2_TGTAAGCACA-AGAACACATC,WT_2,spf,si,AJ40,na,AJ40c_12_2
AJ40c_13_2_CTCGTTGCGT-TACGACACTT,Pou2f3_1,spf,si,AJ40,na,AJ40c_13_2
AJ40c_14_2_GCTAGAGGTG-GTGGTTCTCC,Pou2f3_2,spf,si,AJ40,na,AJ40c_14_2